Name,Address,Food Type,Price Range,Smile Score,Cry Score,Promotions,Contact,Opening Hours,URL
Nakitora Ramen,Nakitora Ramen,Tseung Kwan O / Japanese / Ramen / $51-100,$51-100,209,1,Dine and earn miles at this Cathay partner restaurant !,N/A,12:00 - 22:00,https://www.openrice.com/en/hongkong/r-nakitora-ramen-tseung-kwan-o-japanese-ramen-r755784
Nom Nom Dumpling,Nom Nom Dumpling,Tseung Kwan O / Guangdong / Wonton/Dumpling / $51-100,$51-100,192,5,N/A,28902130,11:00 - 22:00,https://www.openrice.com/en/hongkong/r-nom-nom-dumpling-tseung-kwan-o-guangdong-wonton-dumpling-r744954
The Admirals Chinese Restaurant,The Admirals Chinese Restaurant,Tseung Kwan O / Guangdong / Stir-Fry / $101-200,$101-200,188,15,N/A,26261182,08:00 - 16:0017:30 - 22:00,https://www.openrice.com/en/hongkong/r-the-admirals-chinese-restaurant-tseung-kwan-o-guangdong-r759419
Pulau,Pulau,Tseung Kwan O / Singaporean / $51-100,$51-100,90,3,N/A,26190999,11:30 - 22:00,https://www.openrice.com/en/hongkong/r-pulau-tseung-kwan-o-singaporean-r767526
Xia Mian Guan (MCP CENTRAL),Xia Mian Guan (MCP CENTRAL),Tseung Kwan O / Shanghai / Stir-Fry / $51-100,$51-100,130,8,mediaItemThumbnail,23238386,11:30 - 21:30,https://www.openrice.com/en/hongkong/r-xia-mian-guan-tseung-kwan-o-shanghai-r717107
Sandaime,Sandaime,Tseung Kwan O / Japanese / Ramen / $101-200,$101-200,98,1,mediaItemThumbnail,60845782,11:30 - 21:00,https://www.openrice.com/en/hongkong/r-sandaime-tseung-kwan-o-japanese-ramen-r781084
Simply Waffles X Mr. 閔 (新都城中心三期),Simply Waffles X Mr. 閔 (新都城中心三期),Tseung Kwan O / Korean / Korean Fried Chicken / $101-200,$101-200,105,1,"mediaItemThumbnail, Dine and earn miles at this Cathay partner restaurant !",51921110,12:00 - 21:00,https://www.openrice.com/en/hongkong/r-simply-waffles-x-mr-%E9%96%94-tseung-kwan-o-korean-korean-fried-chicken-r784278
The Sixties Restaurant,The Sixties Restaurant,Tseung Kwan O / Hong Kong Style / Tea Restaurant / $51-100,$51-100,67,6,N/A,23223682,07:00 - 22:00,https://www.openrice.com/en/hongkong/r-the-sixties-restaurant-tseung-kwan-o-hong-kong-style-r726686
JACOMAX,JACOMAX,Tseung Kwan O / Italian / Pizza / $101-200,$101-200,72,2,mediaItemThumbnail,29810333,12:00 - 22:00,https://www.openrice.com/en/hongkong/r-jacomax-tseung-kwan-o-italian-pizza-r716974
Katachi Bar & Kushiyaki (MCP DISCOVERY),Katachi Bar & Kushiyaki (MCP DISCOVERY),Tseung Kwan O / Japanese / Wine / $201-400,$201-400,62,1,N/A,93218246,16:30 - 04:00,https://www.openrice.com/en/hongkong/r-katachi-bar-kushiyaki-tseung-kwan-o-japanese-wine-r788698
Golden Phoenix Restaurant (MCP DISCOVERY),Golden Phoenix Restaurant (MCP DISCOVERY),Tseung Kwan O / Hong Kong Style / Western / $101-200,$101-200,66,4,N/A,31109962,11:30 - 21:30,https://www.openrice.com/en/hongkong/r-golden-phoenix-restaurant-tseung-kwan-o-western-r787975
Four Point Gold Restaurant,Four Point Gold Restaurant,Tseung Kwan O / Chiu Chow / Dim Sum / $101-200,$101-200,173,2,mediaItemThumbnail,28826388,08:00 - 22:00,https://www.openrice.com/en/hongkong/r-four-point-gold-restaurant-tseung-kwan-o-chiu-chow-dim-sum-r617372
E-bittern (MCP CENTRAL),E-bittern (MCP CENTRAL),Tseung Kwan O / Taiwan / Noodles/Rice Noodles / Below $50,Below $50,85,4,N/A,28198983,11:00 - 22:30,https://www.openrice.com/en/hongkong/r-e-bittern-tseung-kwan-o-taiwan-noodles-rice-noodles-r779722
蝦魂,蝦魂,Tseung Kwan O / Japanese / Ramen / $51-100,$51-100,78,3,mediaItemThumbnail,65108001,12:00 - 22:00,https://www.openrice.com/en/hongkong/r-%E8%9D%A6%E9%AD%82-tseung-kwan-o-japanese-ramen-r851125
Lok Yuen (MCP DISCOVERY),Lok Yuen (MCP DISCOVERY),Tseung Kwan O / Chiu Chow / Hong Kong Style / Below $50,Below $50,56,0,mediaItemThumbnail,26633108,07:30 - 22:00,https://www.openrice.com/en/hongkong/r-lok-yuen-tseung-kwan-o-hong-kong-style-noodles-rice-noodles-r692636
WM Café & Bar (海之戀商場),WM Café & Bar (海之戀商場),Tsuen Wan / Western / $101-200,$101-200,626,34,N/A,27661112,11:30 - 22:30,https://www.openrice.com/en/hongkong/r-wm-cafe-bar-tsuen-wan-western-r674521
Peko Peko Eatery (OP Mall),Peko Peko Eatery (OP Mall),Tsuen Wan / Western / Yoshoku / $101-200,$101-200,590,32,mediaItemThumbnail,26889128,11:30 - 22:00,https://www.openrice.com/en/hongkong/r-peko-peko-eatery-tsuen-wan-western-r677983
Odelice! (海之戀商場),Odelice! (海之戀商場),Tsuen Wan / French / Western / $201-400,$201-400,495,20,"mediaItemThumbnail, Dine and earn miles at this Cathay partner restaurant !",25202660,11:00 - 22:00,https://www.openrice.com/en/hongkong/r-odelice-tsuen-wan-western-r690990
SOYmart by 豆乳狂人,SOYmart by 豆乳狂人,Tsuen Wan / Hong Kong Style / Dessert / Below $50,Below $50,414,22,mediaItemThumbnail,35425519,11:00 - 22:30,https://www.openrice.com/en/hongkong/r-soymart-by-%E8%B1%86%E4%B9%B3%E7%8B%82%E4%BA%BA-tsuen-wan-hong-kong-style-dessert-r733695
Lao Zhang Gui Dongbei Restaurant (OP Mall),Lao Zhang Gui Dongbei Restaurant (OP Mall),Tsuen Wan / Northeastern / Stir-Fry / $51-100,$51-100,260,43,mediaItemThumbnail,35431618,11:30 - 22:00,https://www.openrice.com/en/hongkong/r-lao-zhang-gui-dongbei-restaurant-tsuen-wan-northeastern-r657130
GYU SHIGE (OP Mall),GYU SHIGE (OP Mall),Tsuen Wan / Japanese / Roast Meat / $101-200,$101-200,171,5,N/A,21239097,11:30 - 22:00,https://www.openrice.com/en/hongkong/r-gyu-shige-tsuen-wan-japanese-roast-meat-r683033
Yadllie Plate 야들리애플래이트 (海之戀商場),Yadllie Plate 야들리애플래이트 (海之戀商場),Tsuen Wan / Korean / Korean Fried Chicken / $201-400,$201-400,348,7,"mediaItemThumbnail, Dine and earn miles at this Cathay partner restaurant !",62231415,12:00 - 22:00,https://www.openrice.com/en/hongkong/r-yadllie-plate-tsuen-wan-korean-korean-fried-chicken-r798030
MOMIJI-CHAYA (OP Mall),MOMIJI-CHAYA (OP Mall),Tsuen Wan / Japanese / Coffee Shop / $51-100,$51-100,128,4,mediaItemThumbnail,36902009,12:00 - 22:00,https://www.openrice.com/en/hongkong/r-momiji-chaya-tsuen-wan-japanese-r815898
Feather & Bone,Feather & Bone,Tsuen Wan / British / Western / $201-400,$201-400,104,14,N/A,26188160,11:00 - 22:00,https://www.openrice.com/en/hongkong/r-feather-bone-tsuen-wan-western-wine-r659361
侍元,侍元,Tsuen Wan / Japanese / Ramen / $51-100,$51-100,108,11,N/A,98756016,12:00 - 21:30,https://www.openrice.com/en/hongkong/r-%E4%BE%8D%E5%85%83-tsuen-wan-japanese-ramen-r683182
Nijuuichi Don,Nijuuichi Don,Tsuen Wan / Japanese / Fast Food / $51-100,$51-100,80,7,mediaItemThumbnail,28127113,08:00 - 22:00,https://www.openrice.com/en/hongkong/r-nijuuichi-don-tsuen-wan-japanese-r652857
Taiwanese Mazu Lifestyle Noodles (OP Mall),Taiwanese Mazu Lifestyle Noodles (OP Mall),Tsuen Wan / Taiwan / Hot Pot / $101-200,$101-200,150,15,N/A,59776942,11:30 - 22:00,https://www.openrice.com/en/hongkong/r-taiwanese-mazu-lifestyle-noodles-tsuen-wan-taiwan-hot-pot-r658783
ASAP As Simple As Possible,ASAP As Simple As Possible,Tsuen Wan / Japanese / Coffee Shop / $51-100,$51-100,69,13,mediaItemThumbnail,28564021,12:00 - 21:00,https://www.openrice.com/en/hongkong/r-asap-as-simple-as-possible-tsuen-wan-japanese-r653265
Big Grains,Big Grains,Tsuen Wan / Western / Bakery / Below $50,Below $50,68,6,"mediaItemThumbnail, ",35431383,08:00 - 21:00,https://www.openrice.com/en/hongkong/r-big-grains-tsuen-wan-western-bakery-r658608
SEN SEN SUSHI,SEN SEN SUSHI,Tsuen Wan / Japanese / Sushi/Sashimi / $51-100,$51-100,62,16,N/A,24988889,10:00 - 21:00,https://www.openrice.com/en/hongkong/r-sen-sen-sushi-tsuen-wan-japanese-sushi-sashimi-r728570
家宜美食,家宜美食,Tai Wai / Hong Kong Style / Below $50,Below $50,0,0,N/A,N/A,N/A,https://www.openrice.com/en/hongkong/r-%E5%AE%B6%E5%AE%9C%E7%BE%8E%E9%A3%9F-tai-wai-hong-kong-style-r663660
新瑞興燒味,新瑞興燒味,Tai Wai / Hong Kong Style / Chinese BBQ / Below $50,Below $50,1,0,N/A,N/A,N/A,https://www.openrice.com/en/hongkong/r-%E6%96%B0%E7%91%9E%E8%88%88%E7%87%92%E5%91%B3-tai-wai-hong-kong-style-chinese-bbq-r663667
Super Star Restaurant,Super Star Restaurant,Tai Wai / Guangdong / Hong Kong Style / $51-100,$51-100,1,1,N/A,26928182,11:00 - 14:3018:00 - 23:00,https://www.openrice.com/en/hongkong/r-super-star-restaurant-tai-wai-hong-kong-style-r646921
Pizza Hut,Pizza Hut,Tai Wai / Italian / Pizza / $101-200,$101-200,0,0,N/A,N/A,N/A,https://www.openrice.com/en/hongkong/r-pizza-hut-tai-wai-italian-pizza-r869091
SUSHI TAKE-OUT,SUSHI TAKE-OUT,Tai Wai / Japanese / Sushi/Sashimi / Below $50,Below $50,0,0,N/A,23626928,11:00 - 22:00,https://www.openrice.com/en/hongkong/r-sushi-take-out-tai-wai-japanese-sushi-sashimi-r809512
hana-musubi,hana-musubi,Tai Wai / Japanese / Sushi/Sashimi / Below $50,Below $50,0,0,N/A,28068932,07:00 - 22:00,https://www.openrice.com/en/hongkong/r-hana-musubi-tai-wai-japanese-sushi-sashimi-r791295
HUNG FOOK TONG,HUNG FOOK TONG,Tai Wai / Guangdong / Herbal Tea / Below $50,Below $50,0,0,N/A,24820263,11:00 - 14:3015:30 - 20:00,https://www.openrice.com/en/hongkong/r-hung-fook-tong-tai-wai-guangdong-herbal-tea-r660649
Saint Honore Cake Shop,Saint Honore Cake Shop,Tai Wai / Hong Kong Style / Bakery / Below $50,Below $50,0,0,N/A,24801068,07:00 - 20:00,https://www.openrice.com/en/hongkong/r-saint-honore-cake-shop-tai-wai-hong-kong-style-bakery-r660635
YAMAZAKI BAKERY,YAMAZAKI BAKERY,Tai Wai / Japanese / Bakery / Below $50,Below $50,0,0,N/A,23623293,07:30 - 20:30,https://www.openrice.com/en/hongkong/r-yamazaki-bakery-tai-wai-japanese-bakery-r660628
Vejjie(Under Renovation),Vejjie(Under Renovation),Tai Wai / Hong Kong Style / Dessert / Below $50,Below $50,1,0,,N/A,08:00 - 19:00,https://www.openrice.com/en/hongkong/r-vejjie-tai-wai-hong-kong-style-dessert-r765992
GoodDay Solar (嘉峰匯),GoodDay Solar (嘉峰匯),Kowloon City / International / All Day Breakfast / $101-200,$101-200,77,3,mediaItemThumbnail,92914116,08:30 - 21:15,https://www.openrice.com/en/hongkong/r-goodday-solar-kowloon-city-international-all-day-breakfast-r746341
Twelve Flavors (K.Summit),Twelve Flavors (K.Summit),Kowloon City / Sichuan / Stir-Fry / $101-200,$101-200,111,3,N/A,67900755,11:00 - 16:0017:00 - 22:00,https://www.openrice.com/en/hongkong/r-twelve-flavors-kowloon-city-sichuan-r745488
La Mensa Grill & Bar (Oasis Place),La Mensa Grill & Bar (Oasis Place),Kowloon City / International / Pizza / $201-400,$201-400,151,8,mediaItemThumbnail,23898660,11:00 - 00:00,https://www.openrice.com/en/hongkong/r-la-mensa-grill-bar-kowloon-city-international-pizza-r683054
Golden Phoenix (Ching Long Shopping Centre),Golden Phoenix (Ching Long Shopping Centre),Kowloon City / Hong Kong Style / Western / $101-200,$101-200,58,8,N/A,27780138,11:00 - 22:00,https://www.openrice.com/en/hongkong/r-golden-phoenix-kowloon-city-western-r171213
SUSHI TAKE-OUT,SUSHI TAKE-OUT,Kowloon City / Japanese / Sushi/Sashimi / Below $50,Below $50,1,0,N/A,21777928,11:00 - 21:30,https://www.openrice.com/en/hongkong/r-sushi-take-out-kowloon-city-japanese-sushi-sashimi-r660677
tong kee bao dim,tong kee bao dim,Kowloon City / Hong Kong Style / Dim Sum / Below $50,Below $50,0,0,N/A,23434133,06:30 - 22:00,https://www.openrice.com/en/hongkong/r-tong-kee-bao-dim-kowloon-city-hong-kong-style-dim-sum-r715053
ORIGINAL TASTE WORKSHOP,ORIGINAL TASTE WORKSHOP,Kowloon City / Hong Kong Style / Soup / $51-100,$51-100,0,1,N/A,26138809,12:00 - 20:00,https://www.openrice.com/en/hongkong/r-original-taste-workshop-kowloon-city-hong-kong-style-soup-r660663
Yamazaki Boulangerie Chaude,Yamazaki Boulangerie Chaude,Kowloon City / Japanese / Bakery / Below $50,Below $50,0,0,N/A,23626732,07:30 - 21:00,https://www.openrice.com/en/hongkong/r-yamazaki-boulangerie-chaude-kowloon-city-japanese-bakery-r660656
hana-musubi,hana-musubi,Kowloon City / Japanese / Sushi/Sashimi / Below $50,Below $50,0,0,N/A,91662697,07:00 - 22:00,https://www.openrice.com/en/hongkong/r-hana-musubi-kowloon-city-japanese-sushi-sashimi-r793451
HUNG FOOK TONG,HUNG FOOK TONG,Kowloon City / Hong Kong Style / Herbal Tea / $51-100,$51-100,0,0,N/A,N/A,07:00 - 22:00,https://www.openrice.com/en/hongkong/r-hung-fook-tong-kowloon-city-hong-kong-style-herbal-tea-r822498
JUEWEI,JUEWEI,Kowloon City / Hunan / Snack Shop & Deli / Below $50,Below $50,0,0,N/A,28100026,11:00 - 23:00,https://www.openrice.com/en/hongkong/r-juewei-kowloon-city-hunan-r818995
Arome Bakery,Arome Bakery,Kowloon City / Western / Bakery / Below $50,Below $50,0,0,N/A,27688662,N/A,https://www.openrice.com/en/hongkong/r-arome-bakery-kowloon-city-western-bakery-r802845
Burger's Friend Forever (嘉峯匯)(Under Renovation),Burger's Friend Forever (嘉峯匯)(Under Renovation),Kowloon City / Western / American / $51-100,$51-100,110,3,N/A,70741852 (WhatsApp),11:00 - 22:30,https://www.openrice.com/en/hongkong/r-burgers-friend-forever-kowloon-city-western-hamburger-r747444
Poach,Poach,Mong Kok / Japanese / Western / $101-200,$101-200,754,52,mediaItemThumbnail,92209785,12:00 - 22:00,https://www.openrice.com/en/hongkong/r-poach-mong-kok-western-r657974
Kedai Kopi Semua Semua,Kedai Kopi Semua Semua,Mong Kok / Malaysian / Food Wise Eateries / $51-100,$51-100,445,19,"mediaItemThumbnail, ",23893829,11:30 - 22:30,https://www.openrice.com/en/hongkong/r-kedai-kopi-semua-semua-mong-kok-malaysian-r660279
CHICHA San Chen (Shanghai Street),CHICHA San Chen (Shanghai Street),Mong Kok / Taiwan / Taiwanese Drink / Below $50,Below $50,108,5,N/A,23677366,12:00 - 21:00,https://www.openrice.com/en/hongkong/r-chicha-san-chen-mong-kok-taiwan-taiwanese-drink-r683562
Dignity Kitchen,Dignity Kitchen,Mong Kok / Singaporean / Certified Halal Food / $51-100,$51-100,90,6,N/A,25612633,11:00 - 20:00,https://www.openrice.com/en/hongkong/r-dignity-kitchen-mong-kok-singaporean-certified-halal-food-r658692
中華海鮮菜館,中華海鮮菜館,Mong Kok / Guangdong / Shunde / $51-100,$51-100,1,0,N/A,23321136,N/A,https://www.openrice.com/en/hongkong/r-%E4%B8%AD%E8%8F%AF%E6%B5%B7%E9%AE%AE%E8%8F%9C%E9%A4%A8-mong-kok-guangdong-chinese-bbq-r691531
CAMPSITE (K11 ATELIER),CAMPSITE (K11 ATELIER),Quarry Bay / Western / Brunch / $101-200,$101-200,82,9,,37058248,11:00 - 22:00,https://www.openrice.com/en/hongkong/r-campsite-quarry-bay-western-brunch-r655652
Ruby Tuesday Bar and Grill (K11 ATELIER),Ruby Tuesday Bar and Grill (K11 ATELIER),Quarry Bay / American / $201-400,$201-400,25,5,mediaItemThumbnail,36130028,11:30 - 22:00,https://www.openrice.com/en/hongkong/r-ruby-tuesday-bar-and-grill-quarry-bay-american-r655368
% Arabica (K11 ATELIER),% Arabica (K11 ATELIER),Quarry Bay / Western / Coffee Shop / Below $50,Below $50,4,0,N/A,21318836,08:30 - 19:00,https://www.openrice.com/en/hongkong/r-arabica-quarry-bay-western-r670208
Grove,Grove,Quarry Bay / Western / Below $50,Below $50,2,0,N/A,24149766,07:30 - 21:00,https://www.openrice.com/en/hongkong/r-grove-quarry-bay-western-r863759
Yakitori Takagi,Yakitori Takagi,Quarry Bay / Japanese / Robatayaki / $101-200,$101-200,2,1,"mediaItemThumbnail, ",31889394,12:00 - 22:00,https://www.openrice.com/en/hongkong/r-yakitori-takagi-quarry-bay-japanese-robatayaki-r822936
Beef Station,Beef Station,Kwun Tong / Taiwan / Hot Pot / $201-400,$201-400,506,21,mediaItemThumbnail,36222688,12:00 - 16:0017:00 - 23:00,https://www.openrice.com/en/hongkong/r-beef-station-kwun-tong-taiwan-hot-pot-r777409
Deluxe Daieiki Japanese Restaurant,Deluxe Daieiki Japanese Restaurant,Kwun Tong / Japanese / All-you-can-eat / $201-400,$201-400,885,25,mediaItemThumbnail,31882628,12:00 - 15:0017:00 - 23:00,https://www.openrice.com/en/hongkong/r-deluxe-daieiki-japanese-restaurant-kwun-tong-japanese-all-you-can-eat-r512821
Grand Ding House,Grand Ding House,Kwun Tong / Sichuan / Hot Pot / $201-400,$201-400,784,27,mediaItemThumbnail,95270700 (WhatsApp),10:00 - 16:0017:30 - 23:45,https://www.openrice.com/en/hongkong/r-grand-ding-house-kwun-tong-sichuan-all-you-can-eat-r609767
Parallel,Parallel,Kwun Tong / French / Western / $201-400,$201-400,301,1,"mediaItemThumbnail, Dine and earn miles at this Cathay partner restaurant !",92329831,12:00 - 22:00,https://www.openrice.com/en/hongkong/r-parallel-kwun-tong-western-r754301
The Flame Bar & Restaurant,The Flame Bar & Restaurant,Kwun Tong / Western / Wine / $101-200,$101-200,206,7,"mediaItemThumbnail, Dine and earn miles at this Cathay partner restaurant !",92329838,12:00 - 22:00,https://www.openrice.com/en/hongkong/r-the-flame-bar-restaurant-kwun-tong-western-wine-r762457
Shabu SEN,Shabu SEN,Kwun Tong / Japanese / Hot Pot / $101-200,$101-200,159,14,N/A,27807028,11:30 - 22:00,https://www.openrice.com/en/hongkong/r-shabu-sen-kwun-tong-japanese-hot-pot-r156831
Hon Wo Korean Restaurant,Hon Wo Korean Restaurant,Kwun Tong / Korean / Roast Meat / $101-200,$101-200,60,0,mediaItemThumbnail,31097428,11:30 - 16:0017:30 - 23:00,https://www.openrice.com/en/hongkong/r-hon-wo-korean-restaurant-kwun-tong-korean-roast-meat-r145614
Victoria Harbour Restaurant,Victoria Harbour Restaurant,Kwun Tong / Guangdong / Dim Sum Restaurant / $101-200,$101-200,24,6,N/A,39746128,08:00 - 22:30,https://www.openrice.com/en/hongkong/r-victoria-harbour-restaurant-kwun-tong-guangdong-r529775
Pepper Lunch (1亞太中心),Pepper Lunch (1亞太中心),Kwun Tong / Japanese / Food Court / $51-100,$51-100,39,4,N/A,23511142,11:00 - 21:30,https://www.openrice.com/en/hongkong/r-pepper-lunch-kwun-tong-japanese-r133985
薩莉亞意式餐廳 (1亞太中心),薩莉亞意式餐廳 (1亞太中心),Kwun Tong / Italian / Pizza / $51-100,$51-100,5,0,N/A,N/A,11:00 - 22:00,https://www.openrice.com/en/hongkong/r-%E8%96%A9%E8%8E%89%E4%BA%9E%E6%84%8F%E5%BC%8F%E9%A4%90%E5%BB%B3-kwun-tong-italian-pizza-r782844
Neway Karaoke Box,Neway Karaoke Box,Kwun Tong / Hong Kong Style / Karaoke / $51-100,$51-100,5,0,N/A,21806988,09:30 - 06:00,https://www.openrice.com/en/hongkong/r-neway-karaoke-box-kwun-tong-hong-kong-style-r623889
THAI POT,THAI POT,Kwun Tong / Thai / Hot Pot / $201-400,$201-400,0,0,N/A,81183338,11:30 - 23:00,https://www.openrice.com/en/hongkong/r-thai-pot-kwun-tong-thai-all-you-can-eat-r886996
URBAN Cafe (駱駝漆大廈第一座),URBAN Cafe (駱駝漆大廈第一座),Kwun Tong / International / Upper-floor Cafe / $101-200,$101-200,955,15,N/A,53073636 (WhatsApp),View Opening Hours,https://www.openrice.com/en/hongkong/r-urban-cafe-kwun-tong-international-r670898
雞駅花膠雞米線專門店,雞駅花膠雞米線專門店,Kwun Tong / Hong Kong Style / Noodles/Rice Noodles / $51-100,$51-100,295,20,mediaItemThumbnail,98493567,11:30 - 21:00,https://www.openrice.com/en/hongkong/r-%E9%9B%9E%E9%A7%85%E8%8A%B1%E8%86%A0%E9%9B%9E%E7%B1%B3%E7%B7%9A%E5%B0%88%E9%96%80%E5%BA%97-kwun-tong-hong-kong-style-noodles-rice-noodles-r794773
Kuuraku,Kuuraku,Kwun Tong / Japanese / Hot Pot / $201-400,$201-400,330,4,mediaItemThumbnail,34279059,12:00 - 15:3018:00 - 22:00,https://www.openrice.com/en/hongkong/r-kuuraku-kwun-tong-japanese-hot-pot-r687045
五月星牛肉麵,五月星牛肉麵,Kwun Tong / Taiwan / Noodles/Rice Noodles / $51-100,$51-100,340,13,"mediaItemThumbnail, ",34603839,11:30 - 23:00,https://www.openrice.com/en/hongkong/r-%E4%BA%94%E6%9C%88%E6%98%9F%E7%89%9B%E8%82%89%E9%BA%B5-kwun-tong-taiwan-noodles-rice-noodles-r589125
Brother Chicken,Brother Chicken,Kwun Tong / Hong Kong Style / Noodles/Rice Noodles / $51-100,$51-100,135,5,mediaItemThumbnail,51292929,11:30 - 16:00,https://www.openrice.com/en/hongkong/r-brother-chicken-kwun-tong-hong-kong-style-noodles-rice-noodles-r713381
Boiledumplingss,Boiledumplingss,Kwun Tong / Hong Kong Style / Wonton/Dumpling / $51-100,$51-100,153,10,N/A,51754880,12:00 - 20:30,https://www.openrice.com/en/hongkong/r-boiledumplingss-kwun-tong-hong-kong-style-wonton-dumpling-r738352
Add Some Thai Restaurant,Add Some Thai Restaurant,Kwun Tong / Thai / Western / $101-200,$101-200,674,57,mediaItemThumbnail,27741008,12:00 - 22:00,https://www.openrice.com/en/hongkong/r-add-some-thai-restaurant-kwun-tong-western-r531808
Katsuo Udon (Camel Paint Building Block 3),Katsuo Udon (Camel Paint Building Block 3),Kwun Tong / Japanese / Udon / $51-100,$51-100,204,12,mediaItemThumbnail,98246809,View Opening Hours,https://www.openrice.com/en/hongkong/r-katsuo-udon-kwun-tong-japanese-udon-r588337
The Cool Cousins Cafe & Noodle Bar,The Cool Cousins Cafe & Noodle Bar,Kwun Tong / Thai / American / $51-100,$51-100,170,9,mediaItemThumbnail,34254611,12:00 - 21:00,https://www.openrice.com/en/hongkong/r-the-cool-cousins-cafe-noodle-bar-kwun-tong-american-hamburger-r623029
Day One Cafe (駱駝漆大廈第三座),Day One Cafe (駱駝漆大廈第三座),Kwun Tong / Western / All Day Breakfast / $51-100,$51-100,143,0,mediaItemThumbnail,36195722,11:30 - 21:30,https://www.openrice.com/en/hongkong/r-day-one-cafe-kwun-tong-western-salad-r795855
BaBa Cue,BaBa Cue,Kwun Tong / International / All-you-can-eat / $201-400,$201-400,407,18,mediaItemThumbnail,54070689 (WhatsApp),17:00 - 23:00,https://www.openrice.com/en/hongkong/r-baba-cue-kwun-tong-international-all-you-can-eat-r755467
Holam Bakery,Holam Bakery,Kwun Tong / Western / Cake / Below $50,Below $50,172,14,mediaItemThumbnail,69312774,12:00 - 19:30,https://www.openrice.com/en/hongkong/r-holam-bakery-kwun-tong-western-cake-r536795
舌丼,舌丼,Kwun Tong / Japanese / BBQ / $101-200,$101-200,76,4,mediaItemThumbnail,21533993,12:00 - 15:0017:30 - 22:00,https://www.openrice.com/en/hongkong/r-%E8%88%8C%E4%B8%BC-kwun-tong-japanese-bbq-r791232
A Xing Fruit Tea & Rice Roll (Camel Paint Building Block 3),A Xing Fruit Tea & Rice Roll (Camel Paint Building Block 3),Kwun Tong / Taiwan / Taiwanese Drink / $51-100,$51-100,93,2,mediaItemThumbnail,53621318,View Opening Hours,https://www.openrice.com/en/hongkong/r-a-xing-fruit-tea-rice-roll-kwun-tong-taiwan-taiwanese-drink-r783716
tomato 18 (Kwun Tong Industrial Centre Phase 4),tomato 18 (Kwun Tong Industrial Centre Phase 4),Kwun Tong / Hong Kong Style / Tea Restaurant / Below $50,Below $50,62,1,N/A,35681015,07:00 - 18:00,https://www.openrice.com/en/hongkong/r-tomato-18-kwun-tong-hong-kong-style-r739280
U-Banquet The Starview (Crocodile Center),U-Banquet The Starview (Crocodile Center),Kwun Tong / Guangdong / Dim Sum / $201-400,$201-400,417,14,mediaItemThumbnail,28119788,08:00 - 16:3018:00 - 23:00,https://www.openrice.com/en/hongkong/r-u-banquet-the-starview-kwun-tong-guangdong-dim-sum-r50256
Deluxe Daikiya Japanese Restaurant (Crocodile Center),Deluxe Daikiya Japanese Restaurant (Crocodile Center),Kwun Tong / Japanese / All-you-can-eat / $201-400,$201-400,702,11,mediaItemThumbnail,36222761,12:00 - 15:0017:00 - 23:00,https://www.openrice.com/en/hongkong/r-deluxe-daikiya-japanese-restaurant-kwun-tong-japanese-all-you-can-eat-r700244
Master Beef (Crocodile Center),Master Beef (Crocodile Center),Kwun Tong / Taiwan / Hot Pot / $201-400,$201-400,521,14,mediaItemThumbnail,39539370,12:00 - 16:0017:00 - 23:00,https://www.openrice.com/en/hongkong/r-master-beef-kwun-tong-taiwan-all-you-can-eat-r701116
Fortune Garden,Fortune Garden,Kwun Tong / Guangdong / Hong Kong Style / $101-200,$101-200,126,10,mediaItemThumbnail,27398323,08:00 - 15:3018:00 - 23:00,https://www.openrice.com/en/hongkong/r-fortune-garden-kwun-tong-hong-kong-style-r676267
The Graces Restaurant (Crocodile Center),The Graces Restaurant (Crocodile Center),Kwun Tong / Guangdong / Dim Sum / $101-200,$101-200,483,27,mediaItemThumbnail,26778637,07:00 - 16:0018:00 - 23:00,https://www.openrice.com/en/hongkong/r-the-graces-restaurant-kwun-tong-guangdong-dim-sum-r463419
Sushi Raku (Crocodile Center),Sushi Raku (Crocodile Center),Kwun Tong / Japanese / Sushi/Sashimi / $101-200,$101-200,91,9,mediaItemThumbnail,23661282,07:30 - 21:30,https://www.openrice.com/en/hongkong/r-sushi-raku-kwun-tong-japanese-sushi-sashimi-r750760
Hey Day Cuisine,Hey Day Cuisine,Kwun Tong / Guangdong / $101-200,$101-200,13,2,mediaItemThumbnail,28776238,07:30 - 23:00,https://www.openrice.com/en/hongkong/r-hey-day-cuisine-kwun-tong-guangdong-r795666
mixian sense (Crocodile Center),mixian sense (Crocodile Center),Kwun Tong / Yunnan / Sichuan / Below $50,Below $50,41,12,N/A,24680311,07:00 - 21:00,https://www.openrice.com/en/hongkong/r-mixian-sense-kwun-tong-sichuan-noodles-rice-noodles-r538865
Tao Heung Tea House (Crocodile Center),Tao Heung Tea House (Crocodile Center),Kwun Tong / Guangdong / Dim Sum / $101-200,$101-200,5,6,N/A,83008045,07:30 - 16:0017:30 - 23:00,https://www.openrice.com/en/hongkong/r-tao-heung-tea-house-kwun-tong-guangdong-dim-sum-r759074
TAI HING (Crocodile Center),TAI HING (Crocodile Center),Kwun Tong / Hong Kong Style / Chinese BBQ / $51-100,$51-100,14,6,", ",26980626,07:00 - 22:00,https://www.openrice.com/en/hongkong/r-tai-hing-kwun-tong-hong-kong-style-chinese-bbq-r532512
McDonald's,McDonald's,Kwun Tong / American / Hamburger / Below $50,Below $50,8,1,mediaItemThumbnail,23388646,06:00 - 00:00,https://www.openrice.com/en/hongkong/r-mcdonalds-kwun-tong-american-hamburger-r550706
ICHIJUISSAI (One Island South),ICHIJUISSAI (One Island South),Wong Chuk Hang / Japanese / Western / $51-100,$51-100,24,8,mediaItemThumbnail,36197600,11:30 - 20:30,https://www.openrice.com/en/hongkong/r-ichijuissai-wong-chuk-hang-western-soup-r792297
PizzaExpress (One Island South),PizzaExpress (One Island South),Wong Chuk Hang / Italian / Pizza / $101-200,$101-200,46,5,N/A,31641314,11:00 - 21:00,https://www.openrice.com/en/hongkong/r-pizzaexpress-wong-chuk-hang-italian-meatless-menu-r483675
LA FAMILLE,LA FAMILLE,Wong Chuk Hang / Japanese / Cake / $201-400,$201-400,8,0,N/A,34605272,10:00 - 20:00,https://www.openrice.com/en/hongkong/r-la-famille-wong-chuk-hang-japanese-cake-r797002
Beyond Taste HK,Beyond Taste HK,Wong Chuk Hang / Guangdong / Jingchuanhu / $101-200,$101-200,12,0,N/A,34269882,11:00 - 17:00,https://www.openrice.com/en/hongkong/r-beyond-taste-hk-wong-chuk-hang-jingchuanhu-r873546
STARBUCKS COFFEE,STARBUCKS COFFEE,Wong Chuk Hang / American / Coffee Shop / Below $50,Below $50,2,1,N/A,25180536,07:30 - 19:00,https://www.openrice.com/en/hongkong/r-starbucks-coffee-wong-chuk-hang-american-r106411
Cafe Whale,Cafe Whale,Sai Wan Ho / Japanese / Western / $51-100,$51-100,103,0,mediaItemThumbnail,52062586,12:00 - 21:00,https://www.openrice.com/en/hongkong/r-cafe-whale-sai-wan-ho-western-seafood-r757255
小老板 (太安樓),小老板 (太安樓),Sai Wan Ho / Shanghai / Chinese Buns / Below $50,Below $50,98,2,N/A,39973306,11:30 - 21:00,https://www.openrice.com/en/hongkong/r-%E5%B0%8F%E8%80%81%E6%9D%BF-sai-wan-ho-shanghai-chinese-buns-r704734
North Viet Pho,North Viet Pho,Sai Wan Ho / Vietnamese / Noodles/Rice Noodles / $51-100,$51-100,63,9,N/A,22034699,11:30 - 22:30,https://www.openrice.com/en/hongkong/r-north-viet-pho-sai-wan-ho-vietnamese-noodles-rice-noodles-r482787
Big Noah,Big Noah,Sai Wan Ho / Taiwan / Taiwanese Drink / Below $50,Below $50,48,1,mediaItemThumbnail,94484022,12:00 - 23:00,https://www.openrice.com/en/hongkong/r-big-noah-sai-wan-ho-taiwan-taiwanese-drink-r872532
Meet Cute,Meet Cute,Sai Wan Ho / Taiwan / $51-100,$51-100,23,0,N/A,28193299,N/A,https://www.openrice.com/en/hongkong/r-meet-cute-sai-wan-ho-taiwan-r859525
魚蛋佬,魚蛋佬,Sai Wan Ho / Hong Kong Style / Snack Shop & Deli / Below $50,Below $50,62,8,N/A,N/A,18:00 - 00:00,https://www.openrice.com/en/hongkong/r-%E9%AD%9A%E8%9B%8B%E4%BD%AC-sai-wan-ho-hong-kong-style-r155639
top1takoyaki,top1takoyaki,Sai Wan Ho / Japanese / Robatayaki / Below $50,Below $50,30,2,N/A,95447356,12:00 - 23:00,https://www.openrice.com/en/hongkong/r-top1takoyaki-sai-wan-ho-japanese-robatayaki-r746017
MALACCA CUISINE,MALACCA CUISINE,Sai Wan Ho / Singaporean / Malaysian / $51-100,$51-100,120,6,N/A,27898339,11:30 - 22:00,https://www.openrice.com/en/hongkong/r-malacca-cuisine-sai-wan-ho-malaysian-r598449
金樺餅店,金樺餅店,Sai Wan Ho / Hong Kong Style / Bakery / Below $50,Below $50,27,1,N/A,31165753,05:30 - 20:30,https://www.openrice.com/en/hongkong/r-%E9%87%91%E6%A8%BA%E9%A4%85%E5%BA%97-sai-wan-ho-hong-kong-style-bakery-r19271
腸粉皇后,腸粉皇后,Sai Wan Ho / Hong Kong Style / Takeaway / Below $50,Below $50,18,6,N/A,55016266,N/A,https://www.openrice.com/en/hongkong/r-%E8%85%B8%E7%B2%89%E7%9A%87%E5%90%8E-sai-wan-ho-hong-kong-style-r831181
Lam Kee Cart Noodles,Lam Kee Cart Noodles,Sai Wan Ho / Hong Kong Style / Food Stall Noodles / Below $50,Below $50,44,4,N/A,25358829,12:00 - 23:4500:00 - 03:00,https://www.openrice.com/en/hongkong/r-lam-kee-cart-noodles-sai-wan-ho-hong-kong-style-food-stall-noodles-r37033
海南雞專門店,海南雞專門店,Sai Wan Ho / Singaporean / Below $50,Below $50,118,7,mediaItemThumbnail,N/A,Closed,https://www.openrice.com/en/hongkong/r-%E6%B5%B7%E5%8D%97%E9%9B%9E%E5%B0%88%E9%96%80%E5%BA%97-sai-wan-ho-singaporean-r97498
來來小吃店,來來小吃店,Sai Wan Ho / Taiwan / Taiwanese Drink / Below $50,Below $50,64,3,mediaItemThumbnail,N/A,19:00 - 23:00,https://www.openrice.com/en/hongkong/r-%E4%BE%86%E4%BE%86%E5%B0%8F%E5%90%83%E5%BA%97-sai-wan-ho-taiwan-taiwanese-drink-r457258
水門泰式海南雞飯專門店,水門泰式海南雞飯專門店,Sai Wan Ho / Thai / Fast Food / $51-100,$51-100,14,0,N/A,93800919,11:30 - 21:00,https://www.openrice.com/en/hongkong/r-%E6%B0%B4%E9%96%80%E6%B3%B0%E5%BC%8F%E6%B5%B7%E5%8D%97%E9%9B%9E%E9%A3%AF%E5%B0%88%E9%96%80%E5%BA%97-sai-wan-ho-thai-r730997
太安樓牛雜,太安樓牛雜,Sai Wan Ho / Hong Kong Style / Snack Shop & Deli / Below $50,Below $50,23,4,N/A,N/A,12:00 - 00:00,https://www.openrice.com/en/hongkong/r-%E5%A4%AA%E5%AE%89%E6%A8%93%E7%89%9B%E9%9B%9C-sai-wan-ho-hong-kong-style-r523038
One Point Zero One,One Point Zero One,Kwun Tong / Taiwan / Salt & Sugar Reduction Restaurant / $51-100,$51-100,1085,10,"mediaItemThumbnail, ",53697868,11:30 - 21:30,https://www.openrice.com/en/hongkong/r-one-point-zero-one-kwun-tong-taiwan-r713120
February,February,Kwun Tong / German / Western / $201-400,$201-400,423,17,mediaItemThumbnail,22371119,11:30 - 02:00,https://www.openrice.com/en/hongkong/r-february-kwun-tong-western-r486667
Dragon City Cafe,Dragon City Cafe,Kwun Tong / Hong Kong Style / Tea Restaurant / Below $50,Below $50,384,15,N/A,21111982,07:00 - 23:00,https://www.openrice.com/en/hongkong/r-dragon-city-cafe-kwun-tong-hong-kong-style-r512928
黑布小巷,黑布小巷,Kwun Tong / Hong Kong Style / Taiwan / Below $50,Below $50,17,0,N/A,N/A,11:30 - 17:0018:00 - 22:00,https://www.openrice.com/en/hongkong/r-%E9%BB%91%E5%B8%83%E5%B0%8F%E5%B7%B7-kwun-tong-hong-kong-style-sandwich-r881436
My Burger 中海日升中心,My Burger 中海日升中心,Kwun Tong / Western / American / $51-100,$51-100,17,1,N/A,37958678,11:00 - 16:00,https://www.openrice.com/en/hongkong/r-my-burger-kwun-tong-western-hamburger-r760417
Sweet On by Roger Luk,Sweet On by Roger Luk,Kwun Tong / International / Dessert / $51-100,$51-100,10,0,N/A,93458352 (WhatsApp),11:00 - 19:00,https://www.openrice.com/en/hongkong/r-sweet-on-by-roger-luk-kwun-tong-international-dessert-r763707
LEMON CAFE (COS Centre),LEMON CAFE (COS Centre),Kwun Tong / Hong Kong Style / Tea Restaurant / $51-100,$51-100,10,0,N/A,26382922,N/A,https://www.openrice.com/en/hongkong/r-lemon-cafe-kwun-tong-hong-kong-style-r882322
Nam Kee Spring Roll Noodle Co. Ltd (COS Centre),Nam Kee Spring Roll Noodle Co. Ltd (COS Centre),Kwun Tong / Hong Kong Style / Noodles/Rice Noodles / Below $50,Below $50,26,7,", ",25223733,07:30 - 21:00,https://www.openrice.com/en/hongkong/r-nam-kee-spring-roll-noodle-co-ltd-kwun-tong-hong-kong-style-noodles-rice-noodles-r548279
榮豐生滾湯飯,榮豐生滾湯飯,Kwun Tong / Guangdong / Hong Kong Style / $51-100,$51-100,7,2,N/A,27397239,11:00 - 20:30,https://www.openrice.com/en/hongkong/r-%E6%A6%AE%E8%B1%90%E7%94%9F%E6%BB%BE%E6%B9%AF%E9%A3%AF-kwun-tong-hong-kong-style-soup-r770783
McDonald's,McDonald's,Kwun Tong / American / Hamburger / Below $50,Below $50,1,0,N/A,N/A,N/A,https://www.openrice.com/en/hongkong/r-mcdonalds-kwun-tong-american-hamburger-r772268
shironeko.udon,shironeko.udon,Kwun Tong / Japanese / Udon / $51-100,$51-100,1,0,N/A,47037125,11:30 - 21:00,https://www.openrice.com/en/hongkong/r-shironeko-udon-kwun-tong-japanese-udon-r889915
Fairwood (COS Centre),Fairwood (COS Centre),Kwun Tong / Hong Kong Style / Fast Food / $51-100,$51-100,0,0,N/A,N/A,N/A,https://www.openrice.com/en/hongkong/r-fairwood-kwun-tong-hong-kong-style-r765682
日升美食,日升美食,Kwun Tong / Hong Kong Style / Takeaway / Below $50,Below $50,0,0,N/A,N/A,09:00 - 16:00,https://www.openrice.com/en/hongkong/r-%E6%97%A5%E5%8D%87%E7%BE%8E%E9%A3%9F-kwun-tong-hong-kong-style-r874863
McCafe,McCafe,Kwun Tong / American / Bakery / Below $50,Below $50,0,0,N/A,N/A,N/A,https://www.openrice.com/en/hongkong/r-mccafe-kwun-tong-american-bakery-r773280
味力香港,味力香港,Kwun Tong / Guangdong / $51-100,$51-100,0,0,N/A,23501855,11:00 - 22:00,https://www.openrice.com/en/hongkong/r-%E5%91%B3%E5%8A%9B%E9%A6%99%E6%B8%AF-kwun-tong-guangdong-r877369
Saizeriya Italian Restaurant (The Westwood),Saizeriya Italian Restaurant (The Westwood),Western District / Italian / Pizza / $51-100,$51-100,12,0,N/A,N/A,11:00 - 22:00,https://www.openrice.com/en/hongkong/r-saizeriya-italian-restaurant-western-district-italian-pizza-r694364
Domon 居酒屋 (西寶城),Domon 居酒屋 (西寶城),Western District / Japanese / Ramen / $51-100,$51-100,15,10,N/A,63338783,11:30 - 22:00,https://www.openrice.com/en/hongkong/r-domon-%E5%B1%85%E9%85%92%E5%B1%8B-western-district-japanese-ramen-r577086
Victoria Harbour Restaurant,Victoria Harbour Restaurant,Western District / Guangdong / Hot Pot / $101-200,$101-200,35,10,,28363282,08:00 - 22:30,https://www.openrice.com/en/hongkong/r-victoria-harbour-restaurant-western-district-guangdong-hot-pot-r48507
Saint's Alp Teahouse (The Westwood),Saint's Alp Teahouse (The Westwood),Western District / Taiwan / Taiwanese Drink / Below $50,Below $50,22,5,,25427096,11:00 - 21:00,https://www.openrice.com/en/hongkong/r-saints-alp-teahouse-western-district-taiwan-taiwanese-drink-r19160
Panash Bakery & Cafe (西寶城),Panash Bakery & Cafe (西寶城),Western District / Western / Bakery / $101-200,$101-200,28,17,N/A,25427630,11:30 - 20:15,https://www.openrice.com/en/hongkong/r-panash-bakery-cafe-western-district-western-bakery-r11716
McDonald's,McDonald's,Western District / American / Hamburger / Below $50,Below $50,5,1,N/A,25427361,07:00 - 22:00,https://www.openrice.com/en/hongkong/r-mcdonalds-western-district-american-hamburger-r23195
McCafe,McCafe,Western District / American / Bakery / Below $50,Below $50,0,0,N/A,25427361,N/A,https://www.openrice.com/en/hongkong/r-mccafe-western-district-american-bakery-r565206
Stecco Natura (The Westwood),Stecco Natura (The Westwood),Western District / Italian / Ice Cream/yogurt / Below $50,Below $50,0,0,N/A,28882881,10:00 - 19:30,https://www.openrice.com/en/hongkong/r-stecco-natura-western-district-italian-ice-cream-yogurt-r771205
BRICK LANE (中信大廈),BRICK LANE (中信大廈),Admiralty / British / Western / $101-200,$101-200,282,25,,23632500,11:00 - 22:00,https://www.openrice.com/en/hongkong/r-brick-lane-admiralty-western-brunch-r151708
Mr Tomahawk Member of Louis Steak House,Mr Tomahawk Member of Louis Steak House,Admiralty / Western / Steak House / $201-400,$201-400,43,5,N/A,28101898,N/A,https://www.openrice.com/en/hongkong/r-mr-tomahawk-member-of-louis-steak-house-admiralty-western-r467649
Victoria City Restaurant,Victoria City Restaurant,Admiralty / Guangdong / Shanghai Hairy Crab / $201-400,$201-400,31,6,mediaItemThumbnail,28772211,11:00 - 16:0017:30 - 22:30,https://www.openrice.com/en/hongkong/r-victoria-city-restaurant-admiralty-guangdong-shanghai-hairy-crab-r607715
Arima Restaurant,Arima Restaurant,Admiralty / Japanese / Teppanyaki / $401-800,$401-800,17,6,N/A,25771050,11:30 - 15:0017:30 - 22:30,https://www.openrice.com/en/hongkong/r-arima-restaurant-admiralty-japanese-teppanyaki-r119195
Café de Coral (Citic Tower),Café de Coral (Citic Tower),Wan Chai / Hong Kong Style / Fast Food / $51-100,$51-100,3,1,"mediaItemThumbnail, ",21727351,08:00 - 16:00,https://www.openrice.com/en/hongkong/r-cafe-de-coral-wan-chai-hong-kong-style-r456617
ORIGINAL TASTE WORKSHOP,ORIGINAL TASTE WORKSHOP,Admiralty / Hong Kong Style / Soup / $51-100,$51-100,2,0,N/A,25688983,08:30 - 15:00,https://www.openrice.com/en/hongkong/r-original-taste-workshop-admiralty-hong-kong-style-soup-r479409
SUBWAY,SUBWAY,Admiralty / Western / Sandwich / $51-100,$51-100,0,0,N/A,21910500,08:00 - 18:00,https://www.openrice.com/en/hongkong/r-subway-admiralty-western-sandwich-r760093
Starbucks Coffee(Under Renovation),Starbucks Coffee(Under Renovation),Admiralty / American / Coffee Shop / Below $50,Below $50,1,0,N/A,29783933,N/A,https://www.openrice.com/en/hongkong/r-starbucks-coffee-admiralty-american-r87549
Seoulmate (MONTEREY Place),Seoulmate (MONTEREY Place),Tseung Kwan O / Korean / Pet Friendly / $101-200,$101-200,765,37,mediaItemThumbnail,25776338,12:00 - 22:00,https://www.openrice.com/en/hongkong/r-seoulmate-tseung-kwan-o-korean-r693639
Chilli Lime (MONTEREY Place),Chilli Lime (MONTEREY Place),Tseung Kwan O / International / $101-200,$101-200,499,13,mediaItemThumbnail,22460055,11:00 - 23:00,https://www.openrice.com/en/hongkong/r-chilli-lime-tseung-kwan-o-international-r655263
The Pizza Pig,The Pizza Pig,Tseung Kwan O / Italian / Western / $101-200,$101-200,376,15,N/A,26119791,12:00 - 22:00,https://www.openrice.com/en/hongkong/r-the-pizza-pig-tseung-kwan-o-western-pizza-r681184
DHYC Dimsum Restaurant,DHYC Dimsum Restaurant,Tseung Kwan O / Guangdong / Dim Sum / $101-200,$101-200,398,7,mediaItemThumbnail,31058114,11:00 - 22:00,https://www.openrice.com/en/hongkong/r-dhyc-dimsum-restaurant-tseung-kwan-o-guangdong-dim-sum-r740560
Bistro La Baie,Bistro La Baie,Tseung Kwan O / French / Western / $201-400,$201-400,188,1,mediaItemThumbnail,23600801,12:00 - 22:00,https://www.openrice.com/en/hongkong/r-bistro-la-baie-tseung-kwan-o-western-r798972
KOKA,KOKA,Tseung Kwan O / Sichuan / BBQ / $101-200,$101-200,508,18,mediaItemThumbnail,28612862,11:30 - 00:00,https://www.openrice.com/en/hongkong/r-koka-tseung-kwan-o-sichuan-bbq-r714689
La Rosabelle Bar & Grill,La Rosabelle Bar & Grill,Tseung Kwan O / Western / Wine / $201-400,$201-400,235,23,mediaItemThumbnail,28815933,12:00 - 23:00,https://www.openrice.com/en/hongkong/r-la-rosabelle-bar-grill-tseung-kwan-o-western-wine-r661870
Duan Chun Zhen (MONTEREY Place),Duan Chun Zhen (MONTEREY Place),Tseung Kwan O / Taiwan / Noodles/Rice Noodles / $51-100,$51-100,185,5,mediaItemThumbnail,34254620,12:00 - 21:00,https://www.openrice.com/en/hongkong/r-duan-chun-zhen-tseung-kwan-o-taiwan-noodles-rice-noodles-r706867
番茄18,番茄18,Tseung Kwan O / Hong Kong Style / Below $50,Below $50,169,6,mediaItemThumbnail,39562459,08:00 - 21:00,https://www.openrice.com/en/hongkong/r-%E7%95%AA%E8%8C%8418-tseung-kwan-o-hong-kong-style-r674211
Coucou Hotpot‧Tea Break (MONTEREY Place),Coucou Hotpot‧Tea Break (MONTEREY Place),Tseung Kwan O / Taiwan / Hot Pot / $201-400,$201-400,83,7,"mediaItemThumbnail, Dine and earn miles at this Cathay partner restaurant !",24336168,11:00 - 00:00,https://www.openrice.com/en/hongkong/r-coucou-hotpot-tea-break-tseung-kwan-o-taiwan-hot-pot-r725504
Pici (CAPRI Place),Pici (CAPRI Place),Tseung Kwan O / Italian / Salad / $201-400,$201-400,59,1,mediaItemThumbnail,26339200,11:30 - 21:00,https://www.openrice.com/en/hongkong/r-pici-tseung-kwan-o-italian-salad-r738170
FRITES Belgium on Tap (MONTEREY Place),FRITES Belgium on Tap (MONTEREY Place),Tseung Kwan O / Belgian / Brunch / $201-400,$201-400,55,15,N/A,59653351,11:15 - 22:30,https://www.openrice.com/en/hongkong/r-frites-belgium-on-tap-tseung-kwan-o-belgian-brunch-r673889
Fish & Chick (MONTEREY Place),Fish & Chick (MONTEREY Place),Tseung Kwan O / British / Western / $101-200,$101-200,26,0,N/A,29741818,12:00 - 22:00,https://www.openrice.com/en/hongkong/r-fish-chick-tseung-kwan-o-western-seafood-r775879
Dough Bros Pizza & Doughnuts (MONTEREY Place),Dough Bros Pizza & Doughnuts (MONTEREY Place),Tseung Kwan O / Italian / Pizza / $101-200,$101-200,20,0,N/A,28080587,11:00 - 22:30,https://www.openrice.com/en/hongkong/r-dough-bros-pizza-doughnuts-tseung-kwan-o-italian-pizza-r772443
Oolaa (CAPRI Place),Oolaa (CAPRI Place),Tseung Kwan O / International / Pizza / $201-400,$201-400,15,6,N/A,23692866,07:00 - 23:00,https://www.openrice.com/en/hongkong/r-oolaa-tseung-kwan-o-international-salad-r717867
Sunset Grill,Sunset Grill,Tung Chung / International / Wine / $401-800,$401-800,67,2,mediaItemThumbnail,25350025,12:00 - 23:45,https://www.openrice.com/en/hongkong/r-sunset-grill-tung-chung-international-wine-r689008
采悅軒 YUE,采悅軒 YUE,Tung Chung / Guangdong / Seafood / $201-400,$201-400,63,4,mediaItemThumbnail,25350028,12:00 - 14:3018:00 - 22:00,https://www.openrice.com/en/hongkong/r-%E9%87%87%E6%82%85%E8%BB%92-yue-tung-chung-guangdong-seafood-r689197
Cafe Lantau,Cafe Lantau,Tung Chung / International / Buffet / $201-400,$201-400,47,14,mediaItemThumbnail,25350021,06:30 - 10:3012:00 - 14:3018:00 - 21:30,https://www.openrice.com/en/hongkong/r-cafe-lantau-tung-chung-international-buffet-r689022
Basic Bistro,Basic Bistro,Tung Chung / French / Brunch / $101-200,$101-200,22,0,mediaItemThumbnail,23055508,11:00 - 23:00,https://www.openrice.com/en/hongkong/r-basic-bistro-tung-chung-french-brunch-r850402
Tung Chung Kitchen,Tung Chung Kitchen,Tung Chung / International / Buffet / $101-200,$101-200,7,5,N/A,23528021,12:00 - 21:00,https://www.openrice.com/en/hongkong/r-tung-chung-kitchen-tung-chung-international-buffet-r772499
3 ITALIANI,3 ITALIANI,Tung Chung / Italian / Coffee Shop / $51-100,$51-100,4,0,N/A,51827646,09:00 - 22:00,https://www.openrice.com/en/hongkong/r-3-italiani-tung-chung-italian-r724485
HANOI 21 Vietnamese,HANOI 21 Vietnamese,Tung Chung / Vietnamese / Thai / $101-200,$101-200,2,0,N/A,27778980,11:30 - 23:30,https://www.openrice.com/en/hongkong/r-hanoi-21-vietnamese-tung-chung-thai-seafood-r884695
The Harbour Lounge,The Harbour Lounge,Tung Chung / International / All Day Breakfast / $101-200,$101-200,0,0,N/A,23528023,11:30 - 23:00,https://www.openrice.com/en/hongkong/r-the-harbour-lounge-tung-chung-international-all-day-breakfast-r772506
SUBWAY,SUBWAY,Tung Chung / Western / Sandwich / $51-100,$51-100,0,0,N/A,23800201,08:00 - 22:00,https://www.openrice.com/en/hongkong/r-subway-tung-chung-western-sandwich-r715708
B+BC Cafe (TKO Plaza),B+BC Cafe (TKO Plaza),Tseung Kwan O / Taiwan / Taiwanese Drink / $51-100,$51-100,813,35,mediaItemThumbnail,31062238,08:00 - 21:00,https://www.openrice.com/en/hongkong/r-b-bc-cafe-tseung-kwan-o-taiwan-taiwanese-drink-r548440
Cafe De Beans (TKO Plaza),Cafe De Beans (TKO Plaza),Tseung Kwan O / Hong Kong Style / Tea Restaurant / $51-100,$51-100,64,14,mediaItemThumbnail,25601771,07:00 - 22:00,https://www.openrice.com/en/hongkong/r-cafe-de-beans-tseung-kwan-o-hong-kong-style-r678652
Ging Sun Ho King of Bun (TKO Plaza),Ging Sun Ho King of Bun (TKO Plaza),Tseung Kwan O / Shanghai / Chinese Buns / $51-100,$51-100,33,8,mediaItemThumbnail,23884533,11:00 - 22:00,https://www.openrice.com/en/hongkong/r-ging-sun-ho-king-of-bun-tseung-kwan-o-shanghai-chinese-buns-r681403
TEI MOU KOON Dessert,TEI MOU KOON Dessert,Tseung Kwan O / Hong Kong Style / Dessert / Below $50,Below $50,31,2,N/A,23109007,12:00 - 23:00,https://www.openrice.com/en/hongkong/r-tei-mou-koon-dessert-tseung-kwan-o-hong-kong-style-dessert-r566542
Daimon Shokudo (TKO Plaza),Daimon Shokudo (TKO Plaza),Tseung Kwan O / Japanese / Ramen / $51-100,$51-100,95,9,N/A,27808800,11:00 - 22:00,https://www.openrice.com/en/hongkong/r-daimon-shokudo-tseung-kwan-o-japanese-ramen-r483106
Lane Noodles (TKO Plaza),Lane Noodles (TKO Plaza),Tseung Kwan O / Guangdong / Hong Kong Style / $51-100,$51-100,33,15,mediaItemThumbnail,23140793,07:30 - 21:30,https://www.openrice.com/en/hongkong/r-lane-noodles-tseung-kwan-o-hong-kong-style-noodles-rice-noodles-r706592
Peninsula Cuisine / Ah Yung Hotpot Cuisine,Peninsula Cuisine / Ah Yung Hotpot Cuisine,Tseung Kwan O / Guangdong / Hot Pot / $101-200,$101-200,35,10,mediaItemThumbnail,23683588,07:00 - 22:00,https://www.openrice.com/en/hongkong/r-peninsula-cuisine-ah-yung-hotpot-cuisine-tseung-kwan-o-guangdong-all-you-can-eat-r713050
Mi-Ne Sushi,Mi-Ne Sushi,Tseung Kwan O / Japanese / Sushi/Sashimi / $101-200,$101-200,29,5,N/A,25256499,12:00 - 21:45,https://www.openrice.com/en/hongkong/r-mi-ne-sushi-tseung-kwan-o-japanese-sushi-sashimi-r541707
Momoku (TKO Plaza),Momoku (TKO Plaza),Tseung Kwan O / Korean / Salt & Sugar Reduction Restaurant / $51-100,$51-100,9,2,"mediaItemThumbnail, ",23329212,07:00 - 21:00,https://www.openrice.com/en/hongkong/r-momoku-tseung-kwan-o-korean-r689176
Saizeriya Italian Restaurant (TKO Plaza),Saizeriya Italian Restaurant (TKO Plaza),Tseung Kwan O / Italian / Pizza / $51-100,$51-100,24,5,N/A,N/A,11:00 - 22:30,https://www.openrice.com/en/hongkong/r-saizeriya-italian-restaurant-tseung-kwan-o-italian-pizza-r447319
CHICKEN FACTORY (將軍澳廣場),CHICKEN FACTORY (將軍澳廣場),Tseung Kwan O / International / Salt & Sugar Reduction Restaurant / Below $50,Below $50,8,3,,23329227,11:00 - 21:00,https://www.openrice.com/en/hongkong/r-chicken-factory-tseung-kwan-o-international-r690871
Tamjai Yunnan Mixian (TKO Plaza),Tamjai Yunnan Mixian (TKO Plaza),Tseung Kwan O / Yunnan / Noodles/Rice Noodles / Below $50,Below $50,14,2,"mediaItemThumbnail, ",25986466,07:15 - 21:30,https://www.openrice.com/en/hongkong/r-tamjai-yunnan-mixian-tseung-kwan-o-yunnan-noodles-rice-noodles-r438538
Arome Bake + Drink (TKO Plaza),Arome Bake + Drink (TKO Plaza),Tseung Kwan O / Western / Bakery / Below $50,Below $50,44,7,N/A,35684475,08:00 - 21:30,https://www.openrice.com/en/hongkong/r-arome-bake-drink-tseung-kwan-o-western-bakery-r460569
SUSHIRO (TKO Plaza),SUSHIRO (TKO Plaza),Tseung Kwan O / Japanese / Sushi/Sashimi / $101-200,$101-200,5,2,mediaItemThumbnail,27788678,10:30 - 22:00,https://www.openrice.com/en/hongkong/r-sushiro-tseung-kwan-o-japanese-sushi-sashimi-r821311
HUNG KEE CONGEE (TKO Plaza),HUNG KEE CONGEE (TKO Plaza),Tseung Kwan O / Hong Kong Style / Congee / Below $50,Below $50,5,2,N/A,34890628,07:00 - 22:30,https://www.openrice.com/en/hongkong/r-hung-kee-congee-tseung-kwan-o-hong-kong-style-congee-r700449
Alva House,Alva House,Sha Tin / International / Buffet / $201-400,$201-400,134,22,mediaItemThumbnail,36531168,07:00 - 22:00,https://www.openrice.com/en/hongkong/r-alva-house-sha-tin-international-brunch-r648194
Mizutani,Mizutani,Sha Tin / Japanese / Omakase / Above $801,Above $801,98,5,mediaItemThumbnail,36531115,12:00 - 15:0018:00 - 22:00,https://www.openrice.com/en/hongkong/r-mizutani-sha-tin-japanese-omakase-r652209
Yat Heen,Yat Heen,Sha Tin / Guangdong / Hotel Restaurant / $201-400,$201-400,59,3,mediaItemThumbnail,36531112,11:00 - 23:00,https://www.openrice.com/en/hongkong/r-yat-heen-sha-tin-guangdong-r648187
PitStop,PitStop,Sha Tin / International / All Day Breakfast / Below $50,Below $50,8,1,N/A,36531168,10:00 - 22:00,https://www.openrice.com/en/hongkong/r-pitstop-sha-tin-international-organic-food-r649712
